<Item CanUseAsServiceTool="N" GlobalItemID="" InheritAttributesFromClassification="Y" IsItemSuperseded="N" ItemGroupCode="PROD" ItemID="0000000004011" ItemKey="20150720191750323147" MaxModifyTS="2019-09-20T04:26:31+00:00" OrganizationCode="KROGER_CATALOG_INV_ORG" UnitOfMeasure="EACH">
	<PrimaryInformation AllowGiftWrap="Y" AssumeInfiniteInventory="Y" BundleFulfillmentMode="01" BundlePricingStrategy="PARENT" CapacityPerOrderedQty="0.00" CapacityQuantityStrategy="" ComputedUnitCost="0.00" CostCurrency="USD" CountryOfOrigin="" CreditWOReceipt="N" DefaultProductClass="GOOD" Description="Banana" DisplayItemDescription="Banana" ExtendedDescription="Banana" ExtendedDisplayDescription="Banana" FixedCapacityQtyPerLine="0.00" FixedPricingQtyPerLine="0.00" ImageID="0000000004011" ImageLabel="0000000004011" ImageLocation="https://www.kroger.com/product/images/196202000/medium/front" InvoiceBasedOnActuals="N" InvolvesSegmentChange="N" IsAirShippingAllowed="Y" IsDeliveryAllowed="N" IsEligibleForShippingDiscount="Y" IsFreezerRequired="N" IsHazmat="N" IsModelItem="N" IsParcelShippingAllowed="Y" IsPickupAllowed="Y" IsReturnService="N" IsReturnable="Y" IsShippingAllowed="N" IsStandaloneService="" IsSubOnOrderAllowed="" IsValid="Y" ItemType="" KitCode="" ManufacturerItem="" ManufacturerItemDesc="" ManufacturerName="" MasterCatalogID="" MaxOrderQuantity="0.00" MaxReturnWindow="0" MinOrderQuantity="0.00" MinimumCapacityQuantity="0.00" NumSecondarySerials="0" OrderingQuantityStrategy="ENT" PricingQuantityConvFactor="0.00" PricingQuantityStrategy="" PricingUOM="EACH" PricingUOMStrategy="INV" PrimaryEnterpriseCode="KROGER_CATALOG_INV_ORG" PrimarySupplier="" ProductLine="" RequiresProdAssociation="N" ReturnWindow="0" RunQuantity="0.00" SerializedFlag="N" ServiceTypeID="" ShortDescription="Banana" Status="3000" TaxableFlag="N" UnitCost="0.00" UnitHeight="0.00" UnitHeightUOM="" UnitLength="0.00" UnitLengthUOM="" UnitVolume="0.00" UnitVolumeUOM="" UnitWeight="0.00" UnitWeightUOM="" UnitWidth="0.00" UnitWidthUOM=""/>
	<InventoryParameters ATPRule="KROGER_DEFAULT_ATP_RULE" AdvanceNotificationTime="0" DefaultExpirationDays="0" InventoryMonitorRule="KROGER_ATP_MONITOR_RULE" IsFifoTracked="N" IsItemBasedAllocationAllowed="Y" IsSerialTracked="N" LeadTime="0" MaximumNotificationTime="0.00" MinNotificationTime="0" NodeLevelInventoryMonitorRule="" ProcessingTime="0" TagControlFlag="N" TagReqAtReceipt="" TagReqAtShipment="" TimeSensitive="N" UseUnplannedInventory="N"/>
	<ClassificationCodes CommodityCode="" ECCNNo="" HarmonizedCode="" HazmatClass="" NAICSCode="" NMFCClass="" NMFCCode="" OperationalConfigurationComplete="N" PickingType="" PostingClassification="" Schedule_B_Code="" StorageType="" TaxProductCode="" UNSPSC="" VelocityCode=""/>
	<AssetList TotalNumberOfRecords="1">
		<Asset AssetID="0000000004011" AssetKey="20150722203059325206" ContentID="0000000004011" ContentLocation="https://www.kroger.com/product/images/196202000/large/front" Label="0000000004011" Type="Image">
			<AssetLocaleList TotalNumberOfRecords="0"/>
		</Asset>
	</AssetList>
	<ItemLocaleList TotalNumberOfRecords="0"/>
	<ItemServiceSkillList/>
	<ItemAliasList/>
	<ItemExclusionList/>
	<AdditionalAttributeList>
		<AdditionalAttribute AdditionalAttributeKey="20150722203059325211" AttributeDomainID="ItemAttribute" AttributeGroupID="KRGAttributeGroup" IntegerValue="1" Name="ITEM_CONTENT_SIZE_AMT" Value="1.000"/>
		<AdditionalAttribute AdditionalAttributeKey="20150722203059325212" AttributeDomainID="ItemAttribute" AttributeGroupID="KRGAttributeGroup" IntegerValue="1" Name="ITEM_CONTENT_SIZE_UOM_CD" Value="EA"/>
		<AdditionalAttribute AdditionalAttributeKey="20150722203059325214" AttributeDomainID="ItemAttribute" AttributeGroupID="KRGAttributeGroup" IntegerValue="1" Name="ITEM_CONTENT_SIZE_UOM_DSC" Value="Each"/>
		<AdditionalAttribute AdditionalAttributeKey="20150722203059325216" AttributeDomainID="ItemAttribute" AttributeGroupID="KRGAttributeGroup" IntegerValue="1" Name="SERVICE_CNTER_CD" Value=""/>
		<AdditionalAttribute AdditionalAttributeKey="20150722203059325218" AttributeDomainID="ItemAttribute" AttributeGroupID="KRGAttributeGroup" IntegerValue="1" Name="SERVICE_CNTER_DSC" Value=""/>
		<AdditionalAttribute AdditionalAttributeKey="20150722203059325220" AttributeDomainID="ItemAttribute" AttributeGroupID="KRGAttributeGroup" IntegerValue="1" Name="TEMPERATURE_IND_CD" Value="Ambient"/>
		<AdditionalAttribute AdditionalAttributeKey="20150722203059325222" AttributeDomainID="ItemAttribute" AttributeGroupID="KRGAttributeGroup" IntegerValue="1" Name="ORDER_BY_CD" Value="6"/>
		<AdditionalAttribute AdditionalAttributeKey="20150722203059325224" AttributeDomainID="ItemAttribute" AttributeGroupID="KRGAttributeGroup" IntegerValue="1" Name="ORDER_BY_DSC" Value="Unit"/>
		<AdditionalAttribute AdditionalAttributeKey="20150722203059325226" AttributeDomainID="ItemAttribute" AttributeGroupID="KRGAttributeGroup" IntegerValue="1" Name="SOLD_BY_CD" Value="9"/>
		<AdditionalAttribute AdditionalAttributeKey="20150722203059325228" AttributeDomainID="ItemAttribute" AttributeGroupID="KRGAttributeGroup" IntegerValue="1" Name="SOLD_BY_DSC" Value="Weight"/>
		<AdditionalAttribute AdditionalAttributeKey="20150722203059325232" AttributeDomainID="ItemAttribute" AttributeGroupID="KRGAttributeGroup" IntegerValue="1" Name="CUSTOMER_FACING_SIZE_VLU" Value="1 Count"/>
		<AdditionalAttribute AdditionalAttributeKey="2019082223260521251708" AttributeDomainID="ItemAttribute" AttributeGroupID="KRGAttributeGroup" IntegerValue="1" Name="704_TRAILER_UPCS" Value="0000000004011|0001000749040|0004242016072|0007490400000|0007490402280|0007490404011|0007490440001|0010004904040|0020401100000|0040604805497|0064312601001|0064312604011|0064312604012|0064312604111|0068692408469|0071752411111|0071752411112|0074928900001|0074928900002|0074928900003|0074928900028|0074928904011|0078611930000|0081794402012|0082178314044|0082178324011|0083361400011|0085537600712|0085766900609|0100011110910|0100074904040|0100643126040|0100717524111|0740400390004|0750226492000|0750301726000|0786119300001|0786210308391"/>
		<AdditionalAttribute AdditionalAttributeKey="2019082223260521251709" AttributeDomainID="ItemAttribute" AttributeGroupID="KRGAttributeGroup" IntegerValue="1" Name="704f_TRAILER_UPCS" Value="0000000004011|0001000749040|0004242016072|0007490400000|0007490402280|0007490404011|0007490440001|0010004904040|0020401100000|0040604805497|0064312601001|0064312604011|0064312604012|0064312604111|0068692408469|0071752411111|0071752411112|0074928900001|0074928900002|0074928900003|0074928900028|0074928904011|0078611930000|0081794402012|0082178314044|0082178324011|0083361400011|0085537600712|0085766900609|0100011110910|0100074904040|0100643126040|0100717524111|0740400390004|0750226492000|0750301726000|0786119300001|0786210308391"/>
		<AdditionalAttribute AdditionalAttributeKey="201707141606308303427" AttributeDomainID="ItemAttribute" AttributeGroupID="KRGAttributeGroup" IntegerValue="1" Name="ITEM_CONTENT_SIZE_VLU" Value="1 LB"/>
		<AdditionalAttribute AdditionalAttributeKey="2017092819315911792780" AttributeDomainID="ItemAttribute" AttributeGroupID="KRGAttributeGroup" IntegerValue="1" Name="704_ORDER_BY_CD" Value="6"/>
		<AdditionalAttribute AdditionalAttributeKey="2017092819315911792784" AttributeDomainID="ItemAttribute" AttributeGroupID="KRGAttributeGroup" IntegerValue="1" Name="704_ORDER_BY_DSC" Value="Unit"/>
		<AdditionalAttribute AdditionalAttributeKey="2017092819315911792787" AttributeDomainID="ItemAttribute" AttributeGroupID="KRGAttributeGroup" IntegerValue="1" Name="704_SERVICE_CNTER_CD" Value=""/>
		<AdditionalAttribute AdditionalAttributeKey="2017092819315911792791" AttributeDomainID="ItemAttribute" AttributeGroupID="KRGAttributeGroup" IntegerValue="1" Name="704_SERVICE_CNTER_DSC" Value=""/>
		<AdditionalAttribute AdditionalAttributeKey="2017092819315911792795" AttributeDomainID="ItemAttribute" AttributeGroupID="KRGAttributeGroup" IntegerValue="1" Name="704_SOLD_BY_CD" Value="8"/>
		<AdditionalAttribute AdditionalAttributeKey="2017092819315911792799" AttributeDomainID="ItemAttribute" AttributeGroupID="KRGAttributeGroup" IntegerValue="1" Name="704_SOLD_BY_DSC" Value="Unit"/>
		<AdditionalAttribute AdditionalAttributeKey="2017092819315911792802" AttributeDomainID="ItemAttribute" AttributeGroupID="KRGAttributeGroup" IntegerValue="1" Name="704_TEMPERATURE_IND_CD" Value="Ambient"/>
		<AdditionalAttribute AdditionalAttributeKey="2019080304282921061306" AttributeDomainID="ItemAttribute" AttributeGroupID="KRGAttributeGroup" IntegerValue="1" Name="701_TRAILER_UPCS" Value="0000000004011|0001000749040|0004242016072|0007490400000|0007490402280|0007490404011|0007490410000|0007490440001|0010004904040|0020401100000|0064312601001|0064312604011|0064312604012|0064312604111|0068692408469|0071752411111|0071752411112|0074928900001|0074928900002|0074928900003|0074928900028|0074928904011|0081794402012|0082178314044|0082178324011|0083361400011|0085537600712|0085766900609|0100011110910|0100074904040|0100643126040|0100717524111|0740400390004|0750226492000|0750301726000|0786119300001|0786210308391"/>
		<AdditionalAttribute AdditionalAttributeKey="2019022121002818312516" AttributeDomainID="ItemAttribute" AttributeGroupID="KRGAttributeGroup" IntegerValue="1" Name="704_WEIGHT_PER_UNIT_AMT" Value="0.000"/>
		<AdditionalAttribute AdditionalAttributeKey="2019022121002818312517" AttributeDomainID="ItemAttribute" AttributeGroupID="KRGAttributeGroup" IntegerValue="1" Name="704_CUSTOMER_FACING_SIZE_" Value="1 Each"/>
		<AdditionalAttribute AdditionalAttributeKey="2019022121002818312520" AttributeDomainID="ItemAttribute" AttributeGroupID="KRGAttributeGroup" IntegerValue="1" Name="701_TEMPERATURE_IND_CD" Value="Ambient"/>
		<AdditionalAttribute AdditionalAttributeKey="2019022121002818312522" AttributeDomainID="ItemAttribute" AttributeGroupID="KRGAttributeGroup" IntegerValue="1" Name="701_ORDER_BY_CD" Value="6"/>
		<AdditionalAttribute AdditionalAttributeKey="2019022121002818312524" AttributeDomainID="ItemAttribute" AttributeGroupID="KRGAttributeGroup" IntegerValue="1" Name="701_ORDER_BY_DSC" Value="Unit"/>
		<AdditionalAttribute AdditionalAttributeKey="2019022121002818312527" AttributeDomainID="ItemAttribute" AttributeGroupID="KRGAttributeGroup" IntegerValue="1" Name="701_SOLD_BY_CD" Value="8"/>
		<AdditionalAttribute AdditionalAttributeKey="2019022121002818312529" AttributeDomainID="ItemAttribute" AttributeGroupID="KRGAttributeGroup" IntegerValue="1" Name="701_SOLD_BY_DSC" Value="Unit"/>
		<AdditionalAttribute AdditionalAttributeKey="2019022121002818312531" AttributeDomainID="ItemAttribute" AttributeGroupID="KRGAttributeGroup" IntegerValue="1" Name="701_WEIGHT_PER_UNIT_AMT" Value="0.000"/>
		<AdditionalAttribute AdditionalAttributeKey="2019022121002818312534" AttributeDomainID="ItemAttribute" AttributeGroupID="KRGAttributeGroup" IntegerValue="1" Name="701_CUSTOMER_FACING_SIZE_" Value="1 Each"/>
		<AdditionalAttribute AdditionalAttributeKey="2019022121002818312537" AttributeDomainID="ItemAttribute" AttributeGroupID="KRGAttributeGroup" IntegerValue="1" Name="701_SERVICE_CNTER_CD" Value=""/>
		<AdditionalAttribute AdditionalAttributeKey="2019022121002818312539" AttributeDomainID="ItemAttribute" AttributeGroupID="KRGAttributeGroup" IntegerValue="1" Name="701_SERVICE_CNTER_DSC" Value=""/>
		<AdditionalAttribute AdditionalAttributeKey="2019080518171521179115" AttributeDomainID="ItemAttribute" AttributeGroupID="KRGAttributeGroup" IntegerValue="1" Name="708_TRAILER_UPCS" Value="0000000004011|0001000749040|0004242016072|0007490400000|0007490402280|0007490404011|0007490440001|0010004904040|0020401100000|0040604807516|0064312601001|0064312604011|0064312604012|0064312604111|0068692408469|0071752411111|0071752411112|0074928900001|0074928900002|0074928900003|0074928900028|0074928904011|0078611930000|0081794402012|0082178314044|0082178324011|0083361400011|0085537600712|0085766900609|0100011110910|0100074904040|0100643126040|0100717524111|0740400390004|0750226492000|0750301726000|0786119300001|0786210308391"/>
		<AdditionalAttribute AdditionalAttributeKey="2019080518171521179117" AttributeDomainID="ItemAttribute" AttributeGroupID="KRGAttributeGroup" IntegerValue="1" Name="014_TRAILER_UPCS" Value="0000000004011|0001000749040|0004242016072|0007490400000|0007490402280|0007490404011|0007490440001|0010004904040|0020401100000|0040604807516|0040604808593|0064312601001|0064312604011|0064312604012|0064312604111|0068692408469|0071752411111|0071752411112|0074928900001|0074928900002|0074928900003|0074928900028|0074928904011|0078611930000|0081794402012|0082178314044|0082178324011|0083361400011|0085537600712|0085766900609|0100011110910|0100074904040|0100643126040|0100717524111|0740400390004|0750226492000|0750301726000|0786119300001|0786210308391"/>
		<AdditionalAttribute AdditionalAttributeKey="2019080623204021183747" AttributeDomainID="ItemAttribute" AttributeGroupID="KRGAttributeGroup" IntegerValue="1" Name="035_TRAILER_UPCS" Value="0000000004011|0001000749040|0004242016072|0007490400000|0007490402280|0007490404011|0007490440001|0010004904040|0020401100000|0040604802370|0040604808593|0064312601001|0064312604011|0064312604012|0064312604111|0068692408469|0071752411111|0071752411112|0074928900001|0074928900002|0074928900003|0074928900028|0074928904011|0078611930000|0081794402012|0082178314044|0082178324011|0083361400011|0085537600712|0085766900609|0100011110910|0100074904040|0100643126040|0100717524111|0740400390004|0750226492000|0750301726000|0786119300001|0786210308391"/>
		<AdditionalAttribute AdditionalAttributeKey="2019080818173021189553" AttributeDomainID="ItemAttribute" AttributeGroupID="KRGAttributeGroup" IntegerValue="1" Name="034_TRAILER_UPCS" Value="0000000004011|0001000749040|0004242016072|0007490400000|0007490402280|0007490404011|0007490440001|0010004904040|0020401100000|0064312601001|0064312604011|0064312604012|0064312604111|0068692408469|0071752411111|0071752411112|0074928900001|0074928900002|0074928900003|0074928900028|0074928904011|0078611930000|0081794402012|0082178314044|0082178324011|0083361400011|0085537600712|0085766900609|0100011110910|0100074904040|0100643126040|0100717524111|0740400390004|0750226492000|0750301726000|0786119300001|0786210308391"/>
		<AdditionalAttribute AdditionalAttributeKey="2019091919391921594956" AttributeDomainID="ItemAttribute" AttributeGroupID="KRGAttributeGroup" IntegerValue="1" Name="WEIGHT_PER_UNIT_AMT" Value="0.500"/>
		<AdditionalAttribute AdditionalAttributeKey="2019091919391921594957" AttributeDomainID="ItemAttribute" AttributeGroupID="KRGAttributeGroup" IntegerValue="1" Name="CUBE_HEIGHT_INCHES" Value="9.00"/>
		<AdditionalAttribute AdditionalAttributeKey="2019091919391921594958" AttributeDomainID="ItemAttribute" AttributeGroupID="KRGAttributeGroup" IntegerValue="1" Name="CUBE_WIDTH_INCHES" Value="4.10"/>
		<AdditionalAttribute AdditionalAttributeKey="2019091919391921594959" AttributeDomainID="ItemAttribute" AttributeGroupID="KRGAttributeGroup" IntegerValue="1" Name="CUBE_DEPTH_INCHES" Value="8.50"/>
		<AdditionalAttribute AdditionalAttributeKey="2019091919391921594960" AttributeDomainID="ItemAttribute" AttributeGroupID="KRGAttributeGroup" IntegerValue="1" Name="615b_TRAILER_UPCS" Value="0000000004011|0001000749040|0004242016072|0007490400000|0007490402280|0007490404011|0007490440001|0010004904040|0020401100000|0064312601001|0064312604011|0064312604012|0064312604111|0068692408469|0071752411111|0071752411112|0074928900001|0074928900002|0074928900003|0074928900028|0074928904011|0078611930000|0081794402012|0082178314044|0082178324011|0083361400011|0085537600712|0085766900609|0100011110910|0100074904040|0100643126040|0100717524111|0740400390004|0750226492000|0750301726000|0786119300001|0786210308391"/>
		<AdditionalAttribute AdditionalAttributeKey="2019091919391921594961" AttributeDomainID="ItemAttribute" AttributeGroupID="KRGAttributeGroup" IntegerValue="1" Name="620c_TRAILER_UPCS" Value="0000000004011|0000000004231|0001000749040|0004242016072|0007490400000|0007490402280|0007490404011|0007490440001|0010004904040|0020401100000|0064312601001|0064312604011|0064312604012|0064312604111|0068692408469|0071752411111|0071752411112|0074928900001|0074928900002|0074928900003|0074928900028|0074928904011|0078611930000|0081794402012|0082178314044|0082178324011|0083361400011|0085537600712|0085766900609|0100011110910|0100074904040|0100643126040|0100717524111|0740400390004|0750226492000|0750301726000|0786119300001|0786210308391"/>
		<AdditionalAttribute AdditionalAttributeKey="2019091919391921594962" AttributeDomainID="ItemAttribute" AttributeGroupID="KRGAttributeGroup" IntegerValue="1" Name="615_TRAILER_UPCS" Value="0000000004011|0001000749040|0004242016072|0007490400000|0007490402280|0007490404011|0007490440001|0010004904040|0020401100000|0064312601001|0064312604011|0064312604012|0064312604111|0068692408469|0071752411111|0071752411112|0074928900001|0074928900002|0074928900003|0074928900028|0074928904011|0078611930000|0081794402012|0082178314044|0082178324011|0083361400011|0085537600712|0085766900609|0100011110910|0100074904040|0100643126040|0100717524111|0740400390004|0750226492000|0750301726000|0786119300001|0786210308391"/>
		<AdditionalAttribute AdditionalAttributeKey="2019091919391921594963" AttributeDomainID="ItemAttribute" AttributeGroupID="KRGAttributeGroup" IntegerValue="1" Name="660_TRAILER_UPCS" Value="0000000004011|0001000749040|0004242016072|0007490400000|0007490402280|0007490404011|0007490440001|0010004904040|0020401100000|0064312601001|0064312604011|0064312604012|0064312604111|0068692408469|0071752411111|0071752411112|0074928900001|0074928900002|0074928900003|0074928900028|0074928904011|0078611930000|0081794402012|0082178314044|0082178324011|0083361400011|0085537600712|0085766900609|0100011110910|0100074904040|0100643126040|0100717524111|0740400390004|0750226492000|0750301726000|0786119300001|0786210308391"/>
		<AdditionalAttribute AdditionalAttributeKey="2019091919391921594964" AttributeDomainID="ItemAttribute" AttributeGroupID="KRGAttributeGroup" IntegerValue="1" Name="615g_TRAILER_UPCS" Value="0000000004011|0001000749040|0004242016072|0007490400000|0007490402280|0007490404011|0007490440001|0010004904040|0020401100000|0064312601001|0064312604011|0064312604012|0064312604111|0068692408469|0071752411111|0071752411112|0074928900001|0074928900002|0074928900003|0074928900028|0074928904011|0078611930000|0081794402012|0082178314044|0082178324011|0083361400011|0085537600712|0085766900609|0100011110910|0100074904040|0100643126040|0100717524111|0740400390004|0750226492000|0750301726000|0786119300001|0786210308391"/>
		<AdditionalAttribute AdditionalAttributeKey="2019091919391921594965" AttributeDomainID="ItemAttribute" AttributeGroupID="KRGAttributeGroup" IntegerValue="1" Name="024_TRAILER_UPCS" Value="0000000004011|0001000749040|0004242016072|0007490400000|0007490402280|0007490404011|0007490440001|0010004904040|0020401100000|0040604807515|0064312601001|0064312604011|0064312604012|0064312604111|0068692408469|0071752411111|0071752411112|0074928900001|0074928900002|0074928900003|0074928900028|0074928904011|0078611930000|0081794402012|0082178314044|0082178324011|0083361400011|0085537600712|0085766900609|0100011110910|0100074904040|0100643126040|0100717524111|0740400390004|0750226492000|0750301726000|0786119300001|0786210308391"/>
		<AdditionalAttribute AdditionalAttributeKey="2019091919391921594966" AttributeDomainID="ItemAttribute" AttributeGroupID="KRGAttributeGroup" IntegerValue="1" Name="620_TRAILER_UPCS" Value="0000000004011|0000000004231|0001000749040|0004242016072|0007490400000|0007490402280|0007490404011|0007490440001|0010004904040|0020401100000|0064312601001|0064312604011|0064312604012|0064312604111|0068692408469|0071752411111|0071752411112|0074928900001|0074928900002|0074928900003|0074928900028|0074928904011|0078611930000|0081794402012|0082178314044|0082178324011|0083361400011|0085537600712|0085766900609|0100011110910|0100074904040|0100643126040|0100717524111|0740400390004|0750226492000|0750301726000|0786119300001|0786210308391"/>
		<AdditionalAttribute AdditionalAttributeKey="2019091919391921594967" AttributeDomainID="ItemAttribute" AttributeGroupID="KRGAttributeGroup" IntegerValue="1" Name="011_TRAILER_UPCS" Value="0000000004011|0001000749040|0004242016072|0007490400000|0007490402280|0007490404011|0007490440001|0010004904040|0020401100000|0064312601001|0064312604011|0064312604012|0064312604111|0068692408469|0071752411111|0071752411112|0074928900001|0074928900002|0074928900003|0074928900028|0074928904011|0078611930000|0081794402012|0082178314044|0082178324011|0083361400011|0085537600712|0085766900609|0100011110910|0100074904040|0100643126040|0100717524111|0740400390004|0750226492000|0750301726000|0786119300001|0786210308391"/>
		<AdditionalAttribute AdditionalAttributeKey="2019091919391921594968" AttributeDomainID="ItemAttribute" AttributeGroupID="KRGAttributeGroup" IntegerValue="1" Name="016_TRAILER_UPCS" Value="0000000004011|0001000749040|0004242016072|0007490400000|0007490402280|0007490404011|0007490440001|0010004904040|0020401100000|0064312601001|0064312604011|0064312604012|0064312604111|0068692408469|0071752411111|0071752411112|0074928900001|0074928900002|0074928900003|0074928900028|0074928904011|0078611930000|0081794402012|0082178314044|0082178324011|0083361400011|0085537600712|0085766900609|0100011110910|0100074904040|0100643126040|0100717524111|0740400390004|0750226492000|0750301726000|0786119300001|0786210308391"/>
		<AdditionalAttribute AdditionalAttributeKey="2019091919391921594969" AttributeDomainID="ItemAttribute" AttributeGroupID="KRGAttributeGroup" IntegerValue="1" Name="018_TRAILER_UPCS" Value="0000000004011|0001000749040|0004242016072|0007490400000|0007490402280|0007490404011|0007490440001|0010004904040|0020401100000|0064312601001|0064312604011|0064312604012|0064312604111|0068692408469|0071752411111|0071752411112|0074928900001|0074928900002|0074928900003|0074928900028|0074928904011|0078611930000|0081794402012|0082178314044|0082178324011|0083361400011|0085537600712|0085766900609|0100011110910|0100074904040|0100643126040|0100717524111|0740400390004|0750226492000|0750301726000|0786119300001|0786210308391"/>
		<AdditionalAttribute AdditionalAttributeKey="2019091919391921594970" AttributeDomainID="ItemAttribute" AttributeGroupID="KRGAttributeGroup" IntegerValue="1" Name="021_TRAILER_UPCS" Value="0000000004011|0001000749040|0004242016072|0007449400324|0007490400000|0007490402280|0007490404011|0007490440001|0010004904040|0020401100000|0040604808593|0064312601001|0064312604011|0064312604012|0064312604111|0068692408469|0071752411111|0071752411112|0074928900001|0074928900002|0074928900003|0074928900028|0074928904011|0078611930000|0081794402012|0082178314044|0082178324011|0083361400011|0085537600712|0085766900609|0100011110910|0100074904040|0100643126040|0100717524111|0740400390004|0750226492000|0750301726000|0786119300001|0786210308391"/>
		<AdditionalAttribute AdditionalAttributeKey="2019091919391921594971" AttributeDomainID="ItemAttribute" AttributeGroupID="KRGAttributeGroup" IntegerValue="1" Name="025_TRAILER_UPCS" Value="0000000004011|0001000749040|0004242016072|0007490400000|0007490402280|0007490404011|0007490440001|0010004904040|0020401100000|0064312601001|0064312604011|0064312604012|0064312604111|0068692408469|0071752411111|0071752411112|0074928900001|0074928900002|0074928900003|0074928900028|0074928904011|0078611930000|0081794402012|0082178314044|0082178324011|0083361400011|0085537600712|0085766900609|0100011110910|0100074904040|0100643126040|0100717524111|0740400390004|0750226492000|0750301726000|0786119300001|0786210308391"/>
		<AdditionalAttribute AdditionalAttributeKey="2019091919391921594972" AttributeDomainID="ItemAttribute" AttributeGroupID="KRGAttributeGroup" IntegerValue="1" Name="026_TRAILER_UPCS" Value="0000000004011|0000000004231|0001000749040|0004242016072|0007490400000|0007490402280|0007490404011|0007490440001|0010004904040|0020401100000|0040604807515|0064312601001|0064312604011|0064312604012|0064312604111|0068692408469|0071752411111|0071752411112|0074928900001|0074928900002|0074928900003|0074928900028|0074928904011|0078611930000|0081794402012|0082178314044|0082178324011|0083361400011|0085537600712|0085766900609|0100011110910|0100074904040|0100643126040|0100717524111|0740400390004|0750226492000|0750301726000|0786119300001|0786210308391"/>
		<AdditionalAttribute AdditionalAttributeKey="2019091919391921594973" AttributeDomainID="ItemAttribute" AttributeGroupID="KRGAttributeGroup" IntegerValue="1" Name="026a_TRAILER_UPCS" Value="0000000004011|0000000004231|0001000749040|0004242016072|0007490400000|0007490402280|0007490404011|0007490440001|0010004904040|0020401100000|0040604807515|0064312601001|0064312604011|0064312604012|0064312604111|0068692408469|0071752411111|0071752411112|0074928900001|0074928900002|0074928900003|0074928900028|0074928904011|0078611930000|0081794402012|0082178314044|0082178324011|0083361400011|0085537600712|0085766900609|0100011110910|0100074904040|0100643126040|0100717524111|0740400390004|0750226492000|0750301726000|0786119300001|0786210308391"/>
		<AdditionalAttribute AdditionalAttributeKey="2019091919391921594974" AttributeDomainID="ItemAttribute" AttributeGroupID="KRGAttributeGroup" IntegerValue="1" Name="029_TRAILER_UPCS" Value="0000000004011|0001000749040|0004242016072|0007449400324|0007490400000|0007490402280|0007490404011|0007490440001|0010004904040|0020401100000|0064312601001|0064312604011|0064312604012|0064312604111|0068692408469|0071752411111|0071752411112|0074928900001|0074928900002|0074928900003|0074928900028|0074928904011|0078611930000|0081794402012|0082178314044|0082178324011|0083361400011|0085537600712|0085766900609|0100011110910|0100074904040|0100643126040|0100717524111|0740400390004|0750226492000|0750301726000|0786119300001|0786210308391"/>
		<AdditionalAttribute AdditionalAttributeKey="2019091919391921594975" AttributeDomainID="ItemAttribute" AttributeGroupID="KRGAttributeGroup" IntegerValue="1" Name="021o_TRAILER_UPCS" Value="0000000004011|0001000749040|0004242016072|0007449400324|0007490400000|0007490402280|0007490404011|0007490440001|0010004904040|0020401100000|0040604808593|0064312601001|0064312604011|0064312604012|0064312604111|0068692408469|0071752411111|0071752411112|0074928900001|0074928900002|0074928900003|0074928900028|0074928904011|0078611930000|0081794402012|0082178314044|0082178324011|0083361400011|0085537600712|0085766900609|0100011110910|0100074904040|0100643126040|0100717524111|0740400390004|0750226492000|0750301726000|0786119300001|0786210308391"/>
		<AdditionalAttribute AdditionalAttributeKey="2019091919391921594976" AttributeDomainID="ItemAttribute" AttributeGroupID="KRGAttributeGroup" IntegerValue="1" Name="021p_TRAILER_UPCS" Value="0000000004011|0001000749040|0004242016072|0007449400324|0007490400000|0007490402280|0007490404011|0007490440001|0010004904040|0020401100000|0040604808593|0064312601001|0064312604011|0064312604012|0064312604111|0068692408469|0071752411111|0071752411112|0074928900001|0074928900002|0074928900003|0074928900028|0074928904011|0078611930000|0081794402012|0082178314044|0082178324011|0083361400011|0085537600712|0085766900609|0100011110910|0100074904040|0100643126040|0100717524111|0740400390004|0750226492000|0750301726000|0786119300001|0786210308391"/>
		<AdditionalAttribute AdditionalAttributeKey="2019091919391921594977" AttributeDomainID="ItemAttribute" AttributeGroupID="KRGAttributeGroup" IntegerValue="1" Name="705_TRAILER_UPCS" Value="0000000004011|0001000749040|0001111091022|0004242016072|0007490400000|0007490402280|0007490404011|0007490440001|0010004904040|0020401100000|0064312601001|0064312604011|0064312604012|0064312604111|0068692408469|0071752411111|0071752411112|0074928900001|0074928900002|0074928900003|0074928900028|0074928904011|0078611930000|0081794402012|0082178314044|0082178324011|0083361400011|0085537600712|0085766900609|0100011110910|0100074904040|0100643126040|0100717524111|0740400390004|0750226492000|0750301726000|0786119300001|0786210308391"/>
		<AdditionalAttribute AdditionalAttributeKey="2019091919391921594978" AttributeDomainID="ItemAttribute" AttributeGroupID="KRGAttributeGroup" IntegerValue="1" Name="703_TRAILER_UPCS" Value="0000000004011|0001000749040|0001111091022|0004242016072|0007490400000|0007490402280|0007490404011|0007490440001|0010004904040|0020401100000|0040604807515|0064312601001|0064312604011|0064312604012|0064312604111|0068692408469|0071752411111|0071752411112|0074928900001|0074928900002|0074928900003|0074928900028|0074928904011|0078611930000|0081794402012|0082178314044|0082178324011|0083361400011|0085537600712|0085766900609|0100011110910|0100074904040|0100643126040|0100717524111|0740400390004|0750226492000|0750301726000|0786119300001|0786210308391"/>
		<AdditionalAttribute AdditionalAttributeKey="2019091919391921594979" AttributeDomainID="ItemAttribute" AttributeGroupID="KRGAttributeGroup" IntegerValue="1" Name="706_TRAILER_UPCS" Value="0000000004011|0000000004718|0001000749040|0004242016072|0007449400324|0007490400000|0007490402280|0007490404011|0007490440001|0010004904040|0020401100000|0064312601001|0064312604011|0064312604012|0064312604111|0068692408469|0071752411111|0071752411112|0074928900001|0074928900002|0074928900003|0074928900028|0074928904011|0078611930000|0081794402012|0082178314044|0082178324011|0083361400011|0085537600712|0085766900609|0100011110910|0100074904040|0100643126040|0100717524111|0740400390004|0750226492000|0750301726000|0786119300001|0786210308391"/>
		<AdditionalAttribute AdditionalAttributeKey="2019092004263123945510" AttributeDomainID="ItemAttribute" AttributeGroupID="KRGAttributeGroup" IntegerValue="1" Name="534m_TRAILER_UPCS" Value="0000000004011|0001000749040|0004242016072|0007490400000|0007490402280|0007490404011|0007490440001|0010004904040|0020401100000|0064312601001|0064312604011|0064312604012|0064312604111|0068692408469|0071752411111|0071752411112|0074928900001|0074928900002|0074928900003|0074928900028|0074928904011|0078611930000|0081794402012|0082178314044|0082178324011|0083361400011|0085537600712|0085766900609|0100011110910|0100074904040|0100643126040|0100717524111|0740400390004|0750226492000|0750301726000|0786119300001|0786210308391"/>
		<AdditionalAttribute AdditionalAttributeKey="2019092004263123945512" AttributeDomainID="ItemAttribute" AttributeGroupID="KRGAttributeGroup" IntegerValue="1" Name="534p_TRAILER_UPCS" Value="0000000004011|0001000749040|0004242016072|0007490400000|0007490402280|0007490404011|0007490440001|0010004904040|0020401100000|0064312601001|0064312604011|0064312604012|0064312604111|0068692408469|0071752411111|0071752411112|0074928900001|0074928900002|0074928900003|0074928900028|0074928904011|0078611930000|0081794402012|0082178314044|0082178324011|0083361400011|0085537600712|0085766900609|0100011110910|0100074904040|0100643126040|0100717524111|0740400390004|0750226492000|0750301726000|0786119300001|0786210308391"/>
	</AdditionalAttributeList>
	<LanguageDescriptionList/>
	<Components/>
	<AlternateUOMList/>
	<ItemInstructionList/>
	<ItemOptionList/>
	<ItemServiceAssocList/>
	<ServiceActivities/>
	<SafetyFactorDefinitions/>
	<CategoryList>
		<Category CategoryID="45315" CategoryKey="2045315" CategoryPath="/KROGER_CATALOG_INV_ORGMasterCatalog/KrogerCatalog/41020/41499/45315" OrganizationCode="KROGER_CATALOG_INV_ORG"/>
		<Category CategoryID="19_620_2000" CategoryKey="2019_620_2000" CategoryPath="/KROGER_CATALOG_INV_ORGMasterCatalog/KrogerCatalog/19/19_620/19_620_2000" OrganizationCode="KROGER_CATALOG_INV_ORG"/>
	</CategoryList>
	<ItemAttributeGroupTypeList>
		<ItemAttributeGroupType ClassificationPurposeCode="SPECIFICATION" Description="Specifications" IsForMaintenance="Y" IsForSelling="N" IsSingleGroup="N" IsValidForCategory="Y" IsValidForClassification="Y" ItemAttributeGroupType="SPEC" ItemAttributeGroupTypeKey="GRP_KEY_SPEC">
			<ItemAttributeGroupList/>
			<ItemAttrGrpTypeLocaleList TotalNumberOfRecords="0"/>
		</ItemAttributeGroupType>
		<ItemAttributeGroupType ClassificationPurposeCode="FOR_FILTER" Description="For Filter" IsForMaintenance="N" IsForSelling="Y" IsSingleGroup="N" IsValidForCategory="Y" IsValidForClassification="N" ItemAttributeGroupType="FOR_FILTER" ItemAttributeGroupTypeKey="GRP_KEY_FILTER">
			<ItemAttributeGroupList/>
			<ItemAttrGrpTypeLocaleList TotalNumberOfRecords="0"/>
		</ItemAttributeGroupType>
		<ItemAttributeGroupType ClassificationPurposeCode="ASSIGNMENT" Description="Assignment" IsForMaintenance="Y" IsForSelling="Y" IsSingleGroup="N" IsValidForCategory="Y" IsValidForClassification="N" ItemAttributeGroupType="ASSIGNMENT" ItemAttributeGroupTypeKey="GRP_KEY_ASSIGN">
			<ItemAttributeGroupList/>
			<ItemAttrGrpTypeLocaleList TotalNumberOfRecords="0"/>
		</ItemAttributeGroupType>
		<ItemAttributeGroupType ClassificationPurposeCode="FOR_PRINT" Description="For Print" IsForMaintenance="Y" IsForSelling="N" IsSingleGroup="N" IsValidForCategory="Y" IsValidForClassification="N" ItemAttributeGroupType="FOR_PRINT" ItemAttributeGroupTypeKey="GRP_KEY_PRINT">
			<ItemAttributeGroupList/>
			<ItemAttrGrpTypeLocaleList TotalNumberOfRecords="0"/>
		</ItemAttributeGroupType>
	</ItemAttributeGroupTypeList>
	<InheritedAttributes/>
	<ChildItemList/>
</Item>