<Organization AccountWithHub="" ActivateFlag="" AssignedColonyId="DEFAULT" AuthorityType="" BillingAddressKey="" CapacityOrganizationCode="KROGER_CATALOG_INV_ORG" CatalogOrganizationCode="KROGER_CATALOG_INV_ORG" ContactAddressKey="20190925193405231705" CorporateAddressKey="20190925193405231705" CreatorOrganizationKey="DEFAULT" CustomerMaintainedExternally="N" CustomerMasterOrganizationCode="WALGREENS" DunsNumber="" InheritOrgConfig="" InventoryKeptExternally="N" InventoryOrganizationCode="KROGER_CATALOG_INV_ORG" InventoryPublished="Y" IsHubOrganization="N" IsLegalEntity="" IsSourcingKept="N" IsTemplate="N" IssuingAuthority="" ItemXrefRule="" LocaleCode="en_US_EST" OrganizationCode="STORE_10500174" OrganizationKey="STORE_10500174" OrganizationName="Store 10500174" OrganizationSuffix="" ParentOrganizationCode="WALGREENS" PaymentProcessingReqd="N" PricingOrganizationCode="KROGER" PrimaryEnterpriseKey="WALGREENS" PrimarySicCode="" PrimaryUrl="" ResourceIdentifier="" StoreConfigOrganizationCode="WALGREENS" SupplyKeptExternally="Y" TaxExemptFlag="" TaxExemptionCertificate="" TaxJurisdiction="" TaxpayerId="" XrefAliasType="" XrefOrganizationCode="">
	<CorporatePersonInfo AddressLine1="7400 CHAPMAN HWY" AddressLine2="" AddressLine3="" AddressLine4="" AddressLine5="" AddressLine6="" AlternateEmailID="" Beeper="" City="KNOXVILLE" Company="WALGREENS" Country="US" DayFaxNo="" DayPhone="" Department="" EMailID="" ErrorTxt="" EveningFaxNo="" EveningPhone="" FirstName="Store 10500174" HttpUrl="" JobTitle="" LastName="" MiddleName="" MobilePhone="" OtherPhone="" PersonID="" PersonInfoKey="20190925193405231705" PreferredShipAddress="" State="TN" Suffix="" Title="" UseCount="0" VerificationStatus="" ZipCode="37920"/>
	<ContactPersonInfo AddressLine1="7400 CHAPMAN HWY" AddressLine2="" AddressLine3="" AddressLine4="" AddressLine5="" AddressLine6="" AlternateEmailID="" Beeper="" City="KNOXVILLE" Company="WALGREENS" Country="US" DayFaxNo="" DayPhone="" Department="" EMailID="" ErrorTxt="" EveningFaxNo="" EveningPhone="" FirstName="Store 10500174" HttpUrl="" JobTitle="" LastName="" MiddleName="" MobilePhone="" OtherPhone="" PersonID="" PersonInfoKey="20190925193405231705" PreferredShipAddress="" State="TN" Suffix="" Title="" UseCount="0" VerificationStatus="" ZipCode="37920"/>
	<Node AcceptanceRequired="N" ActivateFlag="" CanShipToAllNodes="Y" CanShipToOtherAddresses="Y" ContactAddressKey="20190925193405231705" CurrentBolNumber="" DefaultDeclaredValue="0.00" Description="Store 10500174" ExportLicenseExpDate="" ExportLicenseNo="" ExportTaxpayerId="" GLN="" GenerateBolNumber="N" IdentifiedByParentAs="STORE_10500174" InterfaceSubType="" InterfaceType="YFX" InventoryTracked="Y" Inventorytype="TRACK" IsItemBasedAllocationAllowed="Y" Localecode="en_US_EST" MaintainInventoryCost="N" NodeOrgCode="STORE_10500174" NodeType="WG_Store" OwnerKey="WALGREENS" OwnerType="" PicklistType="" ReceiptProcessingTime="0.00" ReceiptProcessingTimeForForwarding="0.00" ReceivingNode="N" RequireTransferAcceptance="N" ReturnCenterFlag="N" ReturnsNode="N" ShipNode="STORE_10500174" ShipNodeAddressKey="20190925193405231705" ShipNodeClass="" ShipnodeKey="STORE_10500174" ShipnodeType="" ShippingNode="Y" SupplierKey="" ThreePlNode="N" TimeDiff="0.00">
		<ShipNodePersonInfo AddressLine1="7400 CHAPMAN HWY" AddressLine2="" AddressLine3="" AddressLine4="" AddressLine5="" AddressLine6="" AlternateEmailID="" Beeper="" City="KNOXVILLE" Company="WALGREENS" Country="US" DayFaxNo="" DayPhone="" Department="" EMailID="" ErrorTxt="" EveningFaxNo="" EveningPhone="" FirstName="Store 10500174" HttpUrl="" JobTitle="" LastName="" MiddleName="" MobilePhone="" OtherPhone="" PersonID="" PersonInfoKey="20190925193405231705" PreferredShipAddress="" State="TN" Suffix="" Title="" UseCount="0" VerificationStatus="" ZipCode="37920"/>
		<ContactPersonInfo AddressLine1="7400 CHAPMAN HWY" AddressLine2="" AddressLine3="" AddressLine4="" AddressLine5="" AddressLine6="" AlternateEmailID="" Beeper="" City="KNOXVILLE" Company="WALGREENS" Country="US" DayFaxNo="" DayPhone="" Department="" EMailID="" ErrorTxt="" EveningFaxNo="" EveningPhone="" FirstName="Store 10500174" HttpUrl="" JobTitle="" LastName="" MiddleName="" MobilePhone="" OtherPhone="" PersonID="" PersonInfoKey="20190925193405231705" PreferredShipAddress="" State="TN" Suffix="" Title="" UseCount="0" VerificationStatus="" ZipCode="37920"/>
		<CanShipToNodeTypes/>
		<NodeCarrierServicePickupScheduleList/>
		<NodeCarrierServicePickupOverrideList/>
	</Node>
	<OrgProtocolList/>
	<UserList/>
	<RelatedOrgList/>
	<EnterpriseOrgList>
		<OrgEnterprise EnterpriseOrganizationKey="WALGREENS" OrgEnterpriseKey="STORE_10500174" OrganizationKey="STORE_10500174"/>
	</EnterpriseOrgList>
	<UserGroups/>
	<OrgDocumentList/>
	<Calendars/>
	<DepartmentList/>
	<CarrierPreferences/>
	<ScacAndServiceList/>
	<PaymentRuleList/>
	<PaymentTypeList/>
	<OrgServiceList/>
	<ConsumableOrganizationList/>
	<OrgThemeList/>
	<OrgRoleList>
		<OrgRole OrganizationKey="STORE_10500174" RoleKey="SELLER"/>
		<OrgRole OrganizationKey="STORE_10500174" RoleKey="NODE"/>
	</OrgRoleList>
</Organization>