<?xml version="1.0" encoding="UTF-8"?>
<Organization AccountWithHub="" ActivateFlag="" AssignedColonyId="DEFAULT" AuthorityType="" BillingAddressKey="" CapacityOrganizationCode="KROGER_NASHVILLE" CatalogOrganizationCode="KROGER_CATALOG_INV_ORG" ContactAddressKey="2015090904364349206" CorporateAddressKey="2015090904364349206" CreatorOrganizationKey="DEFAULT" CustomerMaintainedExternally="N" CustomerMasterOrganizationCode="KROGER_NASHVILLE" DunsNumber="" InheritOrgConfig="" InventoryKeptExternally="N" InventoryOrganizationCode="KROGER_CATALOG_INV_ORG" InventoryPublished="Y" IsHubOrganization="N" IsLegalEntity="" IsSourcingKept="N" IsTemplate="N" IssuingAuthority="" ItemXrefRule="" LocaleCode="en_US_EST" OrganizationCode="STORE_02600684" OrganizationKey="STORE_02600684" OrganizationName="Store 02600684" OrganizationSuffix="" ParentOrganizationCode="KROGER_NASHVILLE" PaymentProcessingReqd="N" PricingOrganizationCode="KROGER" PrimaryEnterpriseKey="KROGER_NASHVILLE" PrimarySicCode="" PrimaryUrl="" ResourceIdentifier="" StoreConfigOrganizationCode="KROGER_NASHVILLE" SupplyKeptExternally="Y" TaxExemptFlag="" TaxExemptionCertificate="" TaxJurisdiction="" TaxpayerId="" XrefAliasType="" XrefOrganizationCode="">
	<CorporatePersonInfo AddressLine1="9225 Kingston Pike" AddressLine2="" AddressLine3="" AddressLine4="" AddressLine5="" AddressLine6="" AlternateEmailID="" Beeper="" City="Knoxville" Company="Kroger" Country="US" DayFaxNo="" DayPhone="865-985-7960" Department="" EMailID="" ErrorTxt="" EveningFaxNo="" EveningPhone="865-985-7960" FirstName="Store 02600684" HttpUrl="" JobTitle="" LastName="" MiddleName="" MobilePhone="" OtherPhone="" PersonID="" PersonInfoKey="2015090904364349206" PreferredShipAddress="" State="TN" Suffix="" Title="" UseCount="0" VerificationStatus="" ZipCode="37922"/>
	<ContactPersonInfo AddressLine1="9225 Kingston Pike" AddressLine2="" AddressLine3="" AddressLine4="" AddressLine5="" AddressLine6="" AlternateEmailID="" Beeper="" City="Knoxville" Company="Kroger" Country="US" DayFaxNo="" DayPhone="865-985-7960" Department="" EMailID="" ErrorTxt="" EveningFaxNo="" EveningPhone="865-985-7960" FirstName="Store 02600684" HttpUrl="" JobTitle="" LastName="" MiddleName="" MobilePhone="" OtherPhone="" PersonID="" PersonInfoKey="2015090904364349206" PreferredShipAddress="" State="TN" Suffix="" Title="" UseCount="0" VerificationStatus="" ZipCode="37922"/>
	<Node AcceptanceRequired="N" ActivateFlag="" CanShipToAllNodes="Y" CanShipToOtherAddresses="Y" ContactAddressKey="2015090904364349206" CurrentBolNumber="" DefaultDeclaredValue="0.00" Description="Store 02600684" ExportLicenseExpDate="" ExportLicenseNo="" ExportTaxpayerId="" GLN="" GenerateBolNumber="N" IdentifiedByParentAs="STORE_02600684" InterfaceSubType="" InterfaceType="YFX" InventoryTracked="Y" Inventorytype="TRACK" IsItemBasedAllocationAllowed="Y" Localecode="en_US_EST" MaintainInventoryCost="N" NodeOrgCode="STORE_02600684" NodeType="Store" OwnerKey="KROGER_NASHVILLE" OwnerType="" PicklistType="" ReceiptProcessingTime="0.00" ReceiptProcessingTimeForForwarding="0.00" ReceivingNode="N" RequireTransferAcceptance="N" ReturnCenterFlag="N" ReturnsNode="N" ShipNode="STORE_02600684" ShipNodeAddressKey="2015090904364349206" ShipNodeClass="" ShipnodeKey="STORE_02600684" ShipnodeType="" ShippingNode="Y" SupplierKey="" ThreePlNode="N" TimeDiff="0.00">
		<ShipNodePersonInfo AddressLine1="9225 Kingston Pike" AddressLine2="" AddressLine3="" AddressLine4="" AddressLine5="" AddressLine6="" AlternateEmailID="" Beeper="" City="Knoxville" Company="Kroger" Country="US" DayFaxNo="" DayPhone="865-985-7960" Department="" EMailID="" ErrorTxt="" EveningFaxNo="" EveningPhone="865-985-7960" FirstName="Store 02600684" HttpUrl="" JobTitle="" LastName="" MiddleName="" MobilePhone="" OtherPhone="" PersonID="" PersonInfoKey="2015090904364349206" PreferredShipAddress="" State="TN" Suffix="" Title="" UseCount="0" VerificationStatus="" ZipCode="37922"/>
		<ContactPersonInfo AddressLine1="9225 Kingston Pike" AddressLine2="" AddressLine3="" AddressLine4="" AddressLine5="" AddressLine6="" AlternateEmailID="" Beeper="" City="Knoxville" Company="Kroger" Country="US" DayFaxNo="" DayPhone="865-985-7960" Department="" EMailID="" ErrorTxt="" EveningFaxNo="" EveningPhone="865-985-7960" FirstName="Store 02600684" HttpUrl="" JobTitle="" LastName="" MiddleName="" MobilePhone="" OtherPhone="" PersonID="" PersonInfoKey="2015090904364349206" PreferredShipAddress="" State="TN" Suffix="" Title="" UseCount="0" VerificationStatus="" ZipCode="37922"/>
		<CanShipToNodeTypes/>
		<NodeCarrierServicePickupScheduleList/>
		<NodeCarrierServicePickupOverrideList/>
	</Node>
	<OrgProtocolList/>
	<UserList/>
	<RelatedOrgList/>
	<EnterpriseOrgList>
		<OrgEnterprise EnterpriseOrganizationKey="KROGER_NASHVILLE" OrgEnterpriseKey="20180108130812192027" OrganizationKey="STORE_02600684"/>
	</EnterpriseOrgList>
	<UserGroups/>
	<OrgDocumentList/>
	<Calendars/>
	<DepartmentList/>
	<CarrierPreferences/>
	<ScacAndServiceList/>
	<PaymentRuleList/>
	<PaymentTypeList/>
	<OrgServiceList/>
	<ConsumableOrganizationList/>
	<OrgThemeList/>
	<OrgRoleList>
		<OrgRole OrganizationKey="STORE_02600684" RoleKey="SELLER"/>
		<OrgRole OrganizationKey="STORE_02600684" RoleKey="NODE"/>
	</OrgRoleList>
</Organization>